Case 2a,Case 2a SE,Case 2b,Case 2b SE,Case 2c,Case 2c SE
4.87666775822639,0.188458636153169,9.58600788593292,0.256887127083112,5.52001340270042,0.895098828967676
